<?xml version="1.0" encoding="UTF-8"?>
<project-private xmlns="http://www.netbeans.org/ns/project-private/1">
    <editor-bookmarks xmlns="http://www.netbeans.org/ns/editor-bookmarks/2" lastBookmarkId="0"/>
    <open-files xmlns="http://www.netbeans.org/ns/projectui-open-files/2">
        <group>
            <file>file:/C:/Users/exzaa/OneDrive%20-%20Telkom%20University/Semester%203/PBO/TUBES/Project%20Besar/GoSave/src/Login.java</file>
            <file>file:/C:/Users/exzaa/OneDrive%20-%20Telkom%20University/Semester%203/PBO/TUBES/Project%20Besar/GoSave/src/BuatKoneksi.java</file>
            <file>file:/C:/Users/exzaa/OneDrive%20-%20Telkom%20University/Semester%203/PBO/TUBES/Project%20Besar/GoSave/src/AplikasiTabungan.java</file>
            <file>file:/C:/Users/exzaa/OneDrive%20-%20Telkom%20University/Semester%203/PBO/TUBES/Project%20Besar/GoSave/src/Main.java</file>
            <file>file:/C:/Users/exzaa/OneDrive%20-%20Telkom%20University/Semester%203/PBO/TUBES/Project%20Besar/GoSave/src/Register.java</file>
            <file>file:/C:/Users/exzaa/OneDrive%20-%20Telkom%20University/Semester%203/PBO/TUBES/Project%20Besar/GoSave/src/registImage.png</file>
        </group>
    </open-files>
</project-private>
