<?xml version="1.0" encoding="UTF-8"?>
<project-private xmlns="http://www.netbeans.org/ns/project-private/1">
    <editor-bookmarks xmlns="http://www.netbeans.org/ns/editor-bookmarks/2" lastBookmarkId="0"/>
    <open-files xmlns="http://www.netbeans.org/ns/projectui-open-files/2">
        <group>
            <file>file:/C:/Users/exzaa/OneDrive%20-%20Telkom%20University/Semester%203/PBO/TUBES/GoSave%20Finished/GoSave/src/Dashboard.java</file>
            <file>file:/C:/Users/exzaa/OneDrive%20-%20Telkom%20University/Semester%203/PBO/TUBES/GoSave%20Finished/GoSave/src/Main.java</file>
            <file>file:/C:/Users/exzaa/OneDrive%20-%20Telkom%20University/Semester%203/PBO/TUBES/GoSave%20Finished/GoSave/src/DatabaseConnection.java</file>
            <file>file:/C:/Users/exzaa/OneDrive%20-%20Telkom%20University/Semester%203/PBO/TUBES/GoSave%20Finished/GoSave/src/Login.java</file>
            <file>file:/C:/Users/exzaa/OneDrive%20-%20Telkom%20University/Semester%203/PBO/TUBES/GoSave%20Finished/GoSave/src/UangMasuk.java</file>
            <file>file:/C:/Users/exzaa/OneDrive%20-%20Telkom%20University/Semester%203/PBO/TUBES/GoSave%20Finished/GoSave/src/Register.java</file>
            <file>file:/C:/Users/exzaa/OneDrive%20-%20Telkom%20University/Semester%203/PBO/TUBES/GoSave%20Finished/GoSave/src/UangKeluar.java</file>
        </group>
    </open-files>
</project-private>
